{
    "mae": 0.03886873161053533,
    "rmse": 0.14564782333350818,
    "r2": 0.9648394850536308
}